SlNo,State_Code,State,District_Key,District,Confirmed,Active,Recovered,Deceased,Migrated_Other,Delta_Confirmed,Delta_Active,Delta_Recovered,Delta_Deceased,District_Notes,Last_Updated
0,UN,State Unassigned,UN_Unassigned,Unassigned,0,0,0,0,0,0,0,0,0,,
1,AN,Andaman and Nicobar Islands,AN_Nicobars,Nicobars,0,0,0,0,0,0,0,0,0,,
2,AN,Andaman and Nicobar Islands,AN_North and Middle Andaman,North and Middle Andaman,1,0,1,0,0,0,0,0,0,,
3,AN,Andaman and Nicobar Islands,AN_South Andaman,South Andaman,51,19,32,0,0,0,0,0,0,,
0,AP,Andhra Pradesh,AP_Foreign Evacuees,Foreign Evacuees,434,9,425,0,0,0,0,0,0,,
4,AP,Andhra Pradesh,AP_Anantapur,Anantapur,7282,2886,4315,81,0,1016,680,335,1,,
5,AP,Andhra Pradesh,AP_Chittoor,Chittoor,5939,2430,3442,67,0,271,-91,359,3,,
6,AP,Andhra Pradesh,AP_East Godavari,East Godavari,10038,6786,3156,96,0,1391,1018,359,14,,
7,AP,Andhra Pradesh,AP_Guntur,Guntur,8097,3861,4151,85,0,1184,-99,1276,7,,
8,AP,Andhra Pradesh,AP_Krishna,Krishna,4482,1098,3260,124,0,230,-581,805,6,,
9,AP,Andhra Pradesh,AP_Kurnool,Kurnool,8701,3480,5079,142,0,904,450,447,7,,
0,AP,Andhra Pradesh,AP_Other State,Other State,2461,149,2312,0,0,0,0,0,0,,
10,AP,Andhra Pradesh,AP_Prakasam,Prakasam,2704,1272,1387,45,0,271,268,0,3,,
11,AP,Andhra Pradesh,AP_S.P.S. Nellore,S.P.S. Nellore,3448,1512,1914,22,0,438,-488,926,0,,
12,AP,Andhra Pradesh,AP_Srikakulam,Srikakulam,3575,1774,1756,45,0,360,-84,438,6,,
13,AP,Andhra Pradesh,AP_Visakhapatnam,Visakhapatnam,4163,2547,1557,59,0,684,679,0,5,,
14,AP,Andhra Pradesh,AP_Vizianagaram,Vizianagaram,2080,1426,626,28,0,277,169,103,5,,
15,AP,Andhra Pradesh,AP_West Godavari,West Godavari,5734,3544,2129,61,0,748,745,0,3,,
16,AP,Andhra Pradesh,AP_Y.S.R. Kadapa,Y.S.R. Kadapa,3573,1498,2046,29,0,224,-157,380,1,,
17,AR,Arunachal Pradesh,AR_Anjaw,Anjaw,4,4,0,0,0,0,0,0,0,,
18,AR,Arunachal Pradesh,AR_Changlang,Changlang,115,33,82,0,0,0,0,0,0,,
19,AR,Arunachal Pradesh,AR_East Kameng,East Kameng,2,2,0,0,0,0,0,0,0,,
20,AR,Arunachal Pradesh,AR_East Siang,East Siang,49,39,10,0,0,0,0,0,0,,
21,AR,Arunachal Pradesh,AR_Kamle,Kamle,1,1,0,0,0,0,0,0,0,,
22,AR,Arunachal Pradesh,AR_Kra Daadi,Kra Daadi,0,0,0,0,0,0,0,0,0,,
23,AR,Arunachal Pradesh,AR_Kurung Kumey,Kurung Kumey,0,0,0,0,0,0,0,0,0,,
24,AR,Arunachal Pradesh,AR_Lepa Rada,Lepa Rada,11,10,1,0,0,0,0,0,0,,
25,AR,Arunachal Pradesh,AR_Lohit,Lohit,4,0,4,0,0,0,0,0,0,,
26,AR,Arunachal Pradesh,AR_Longding,Longding,8,4,4,0,0,0,0,0,0,,
27,AR,Arunachal Pradesh,AR_Lower Dibang Valley,Lower Dibang Valley,13,8,5,0,0,0,0,0,0,,
28,AR,Arunachal Pradesh,AR_Lower Siang,Lower Siang,17,14,3,0,0,0,0,0,0,,
29,AR,Arunachal Pradesh,AR_Lower Subansiri,Lower Subansiri,25,21,4,0,0,0,0,0,0,,
30,AR,Arunachal Pradesh,AR_Namsai,Namsai,54,38,16,0,0,0,0,0,0,,
31,AR,Arunachal Pradesh,AR_Pakke Kessang,Pakke Kessang,1,0,1,0,0,0,0,0,0,,
32,AR,Arunachal Pradesh,AR_Papum Pare,Papum Pare,552,404,147,1,0,0,0,0,0,,
33,AR,Arunachal Pradesh,AR_Shi Yomi,Shi Yomi,0,0,0,0,0,0,0,0,0,,
34,AR,Arunachal Pradesh,AR_Siang,Siang,1,1,0,0,0,0,0,0,0,,
35,AR,Arunachal Pradesh,AR_Tawang,Tawang,11,10,1,0,0,0,0,0,0,,
36,AR,Arunachal Pradesh,AR_Tirap,Tirap,19,14,5,0,0,0,0,0,0,,
37,AR,Arunachal Pradesh,AR_Upper Dibang Valley,Upper Dibang Valley,0,0,0,0,0,0,0,0,0,,
38,AR,Arunachal Pradesh,AR_Upper Siang,Upper Siang,10,9,1,0,0,0,0,0,0,,
39,AR,Arunachal Pradesh,AR_Upper Subansiri,Upper Subansiri,4,3,1,0,0,0,0,0,0,,
40,AR,Arunachal Pradesh,AR_West Kameng,West Kameng,32,3,27,2,0,0,0,0,0,,
41,AR,Arunachal Pradesh,AR_West Siang,West Siang,16,14,2,0,0,0,0,0,0,,
0,AS,Assam,AS_Airport Quarantine,Airport Quarantine,4,4,0,0,0,0,0,0,0,,
42,AS,Assam,AS_Baksa,Baksa,85,25,59,1,0,0,0,0,0,,
43,AS,Assam,AS_Barpeta,Barpeta,638,237,400,1,0,0,0,0,0,,
44,AS,Assam,AS_Biswanath,Biswanath,176,79,97,0,0,0,0,0,0,,
45,AS,Assam,AS_Bongaigaon,Bongaigaon,247,68,179,0,0,0,0,0,0,,
46,AS,Assam,AS_Cachar,Cachar,676,338,337,1,0,0,0,0,0,,
47,AS,Assam,AS_Charaideo,Charaideo,72,33,38,1,0,0,0,0,0,,
48,AS,Assam,AS_Chirang,Chirang,87,16,71,0,0,0,0,0,0,,
49,AS,Assam,AS_Darrang,Darrang,573,229,341,3,0,0,0,0,0,,
50,AS,Assam,AS_Dhemaji,Dhemaji,219,71,148,0,0,0,0,0,0,,
51,AS,Assam,AS_Dhubri,Dhubri,602,128,474,0,0,0,0,0,0,,
52,AS,Assam,AS_Dibrugarh,Dibrugarh,619,412,206,1,0,0,0,0,0,,
53,AS,Assam,AS_Dima Hasao,Dima Hasao,139,13,126,0,0,0,0,0,0,,
54,AS,Assam,AS_Goalpara,Goalpara,81,38,42,0,0,0,0,0,0,,
55,AS,Assam,AS_Golaghat,Golaghat,889,231,657,1,0,0,0,0,0,,
56,AS,Assam,AS_Hailakandi,Hailakandi,719,300,417,2,0,0,0,0,0,,
57,AS,Assam,AS_Hojai,Hojai,321,118,203,0,0,0,0,0,0,,
58,AS,Assam,AS_Jorhat,Jorhat,798,489,305,4,0,0,0,0,0,,
59,AS,Assam,AS_Kamrup,Kamrup,215,57,153,5,0,0,0,0,0,,
60,AS,Assam,AS_Kamrup Metropolitan,Kamrup Metropolitan,13319,7282,6002,35,0,0,0,0,0,,
61,AS,Assam,AS_Karbi Anglong,Karbi Anglong,272,31,238,3,0,0,0,0,0,,
62,AS,Assam,AS_Karimganj,Karimganj,390,87,303,0,0,0,0,0,0,,
63,AS,Assam,AS_Kokrajhar,Kokrajhar,185,65,119,1,0,0,0,0,0,,
64,AS,Assam,AS_Lakhimpur,Lakhimpur,342,170,172,0,0,0,0,0,0,,
65,AS,Assam,AS_Majuli,Majuli,31,10,21,0,0,0,0,0,0,,
66,AS,Assam,AS_Morigaon,Morigaon,252,92,160,0,0,0,0,0,0,,
67,AS,Assam,AS_Nagaon,Nagaon,1059,354,704,1,0,0,0,0,0,,
68,AS,Assam,AS_Nalbari,Nalbari,280,123,157,0,0,0,0,0,0,,
0,AS,Assam,AS_Other State,Other State,1,0,1,0,0,0,0,0,0,,
69,AS,Assam,AS_Sivasagar,Sivasagar,170,95,74,1,0,0,0,0,0,,
70,AS,Assam,AS_Sonitpur,Sonitpur,564,142,421,1,0,0,0,0,0,,
71,AS,Assam,AS_South Salmara Mankachar,South Salmara Mankachar,28,16,12,0,0,0,0,0,0,,
72,AS,Assam,AS_Tinsukia,Tinsukia,512,213,296,3,0,0,0,0,0,,
73,AS,Assam,AS_Udalguri,Udalguri,273,46,226,1,0,0,0,0,0,,
74,AS,Assam,AS_West Karbi Anglong,West Karbi Anglong,28,28,0,0,0,0,0,0,0,,
75,BR,Bihar,BR_Araria,Araria,314,114,198,2,0,14,14,0,0,,
76,BR,Bihar,BR_Arwal,Arwal,324,112,210,2,0,20,-4,24,0,,
77,BR,Bihar,BR_Aurangabad,Aurangabad,529,165,362,2,0,4,-3,7,0,,
78,BR,Bihar,BR_Banka,Banka,418,103,314,1,0,17,15,2,0,,
79,BR,Bihar,BR_Begusarai,Begusarai,1143,227,908,8,0,29,28,1,0,,
80,BR,Bihar,BR_Bhagalpur,Bhagalpur,1942,636,1287,19,0,83,13,70,0,,
81,BR,Bihar,BR_Bhojpur,Bhojpur,836,321,508,7,0,30,26,4,0,,
82,BR,Bihar,BR_Buxar,Buxar,579,245,333,1,0,62,54,8,0,,
83,BR,Bihar,BR_Darbhanga,Darbhanga,567,123,434,10,0,22,20,2,0,,
101,BR,Bihar,BR_East Champaran,East Champaran,733,185,539,9,0,55,50,5,0,,
84,BR,Bihar,BR_Gaya,Gaya,1189,645,531,13,0,119,71,48,0,,
85,BR,Bihar,BR_Gopalganj,Gopalganj,671,154,516,1,0,13,-14,27,0,,
86,BR,Bihar,BR_Jamui,Jamui,495,239,255,1,0,58,25,33,0,,
87,BR,Bihar,BR_Jehanabad,Jehanabad,621,253,364,4,0,75,65,10,0,,
88,BR,Bihar,BR_Kaimur,Kaimur,317,49,265,3,0,0,0,0,0,,
89,BR,Bihar,BR_Katihar,Katihar,620,41,576,3,0,1,-3,4,0,,
90,BR,Bihar,BR_Khagaria,Khagaria,775,173,597,5,0,58,39,19,0,,
91,BR,Bihar,BR_Kishanganj,Kishanganj,388,127,258,3,0,8,-6,14,0,,
92,BR,Bihar,BR_Lakhisarai,Lakhisarai,544,198,344,2,0,31,-6,37,0,,
93,BR,Bihar,BR_Madhepura,Madhepura,454,152,301,1,0,54,53,1,0,,
94,BR,Bihar,BR_Madhubani,Madhubani,719,87,630,2,0,1,1,0,0,,
95,BR,Bihar,BR_Munger,Munger,860,240,615,5,0,11,7,4,0,,
96,BR,Bihar,BR_Muzaffarpur,Muzaffarpur,1415,261,1145,9,0,33,-23,56,0,,
97,BR,Bihar,BR_Nalanda,Nalanda,1179,569,602,8,0,25,-21,46,0,,
98,BR,Bihar,BR_Nawada,Nawada,1028,308,716,4,0,130,103,27,0,,
100,BR,Bihar,BR_Patna,Patna,4786,1712,3039,35,0,307,-144,449,2,,
102,BR,Bihar,BR_Purnia,Purnia,666,151,511,4,0,32,16,16,0,,
103,BR,Bihar,BR_Rohtas,Rohtas,1156,547,600,9,0,105,67,36,2,,
104,BR,Bihar,BR_Saharsa,Saharsa,434,110,323,1,0,11,11,0,0,,
105,BR,Bihar,BR_Samastipur,Samastipur,850,299,544,7,0,23,-5,28,0,,
106,BR,Bihar,BR_Saran,Saran,887,328,550,9,0,98,56,42,0,,
107,BR,Bihar,BR_Sheikhpura,Sheikhpura,376,183,192,1,0,12,9,3,0,,
108,BR,Bihar,BR_Sheohar,Sheohar,194,61,132,1,0,6,4,2,0,,
109,BR,Bihar,BR_Sitamarhi,Sitamarhi,337,130,204,3,0,6,-6,12,0,,
110,BR,Bihar,BR_Siwan,Siwan,1160,427,726,7,0,17,17,0,0,,
111,BR,Bihar,BR_Supaul,Supaul,540,138,402,0,0,0,-1,1,0,,
112,BR,Bihar,BR_Vaishali,Vaishali,679,236,437,5,1,2,-10,12,0,,
99,BR,Bihar,BR_West Champaran,West Champaran,966,470,491,5,0,53,20,33,0,,
113,CH,Chandigarh,CH_Chandigarh,Chandigarh,800,256,531,13,0,20,15,5,0,,
0,CT,Chhattisgarh,CT_Other State,Other State,7,3,2,2,0,0,0,0,0,,
114,CT,Chhattisgarh,CT_Balod,Balod,79,15,64,0,0,0,0,0,0,,
115,CT,Chhattisgarh,CT_Baloda Bazar,Baloda Bazar,311,15,296,0,0,0,0,0,0,,
116,CT,Chhattisgarh,CT_Balrampur,Balrampur,173,8,165,0,0,0,0,0,0,,
117,CT,Chhattisgarh,CT_Bametara,Bametara,112,20,92,0,0,0,0,0,0,,
118,CT,Chhattisgarh,CT_Bastar,Bastar,108,33,74,1,0,0,0,0,0,,
119,CT,Chhattisgarh,CT_Bijapur,Bijapur,54,44,10,0,0,0,0,0,0,,
120,CT,Chhattisgarh,CT_Bilaspur,Bilaspur,472,160,310,2,0,0,0,0,0,,
121,CT,Chhattisgarh,CT_Dakshin Bastar Dantewada,Dakshin Bastar Dantewada,95,26,69,0,0,0,0,0,0,,
122,CT,Chhattisgarh,CT_Dhamtari,Dhamtari,30,8,21,1,0,0,0,0,0,,
123,CT,Chhattisgarh,CT_Durg,Durg,360,139,217,4,0,0,0,0,0,,
124,CT,Chhattisgarh,CT_Gariaband,Gariaband,76,21,55,0,0,0,0,0,0,,
125,CT,Chhattisgarh,CT_Janjgir Champa,Janjgir Champa,378,73,303,2,0,0,0,0,0,,
126,CT,Chhattisgarh,CT_Jashpur,Jashpur,212,20,192,0,0,0,0,0,0,,
127,CT,Chhattisgarh,CT_Kabeerdham,Kabeerdham,136,24,112,0,0,0,0,0,0,,
128,CT,Chhattisgarh,CT_Kondagaon,Kondagaon,44,28,16,0,0,0,0,0,0,,
129,CT,Chhattisgarh,CT_Korba,Korba,364,29,335,0,0,0,0,0,0,,
130,CT,Chhattisgarh,CT_Koriya,Koriya,93,18,75,0,0,0,0,0,0,,
131,CT,Chhattisgarh,CT_Mahasamund,Mahasamund,106,14,91,1,0,0,0,0,0,,
132,CT,Chhattisgarh,CT_Mungeli,Mungeli,147,24,123,0,0,0,0,0,0,,
133,CT,Chhattisgarh,CT_Narayanpur,Narayanpur,150,49,101,0,0,0,0,0,0,,
134,CT,Chhattisgarh,CT_Raigarh,Raigarh,175,23,150,2,0,0,0,0,0,,
135,CT,Chhattisgarh,CT_Raipur,Raipur,1402,695,697,10,0,0,0,0,0,,
136,CT,Chhattisgarh,CT_Rajnandgaon,Rajnandgaon,455,59,393,3,0,0,0,0,0,,
137,CT,Chhattisgarh,CT_Sukma,Sukma,68,38,30,0,0,0,0,0,0,,
138,CT,Chhattisgarh,CT_Surajpur,Surajpur,33,2,31,0,0,0,0,0,0,,
139,CT,Chhattisgarh,CT_Surguja,Surguja,182,79,102,1,0,0,0,0,0,,
140,CT,Chhattisgarh,CT_Uttar Bastar Kanker,Uttar Bastar Kanker,163,68,95,0,0,0,0,0,0,,
766,CT,Chhattisgarh,CT_Gaurela Pendra Marwahi,Gaurela Pendra Marwahi,14,5,9,0,0,0,0,0,0,,
144,DL,Delhi,DL_Central Delhi,Central Delhi,184,184,0,0,0,0,0,0,0,,
145,DL,Delhi,DL_East Delhi,East Delhi,38,38,0,0,0,0,0,0,0,,
146,DL,Delhi,DL_New Delhi,New Delhi,37,37,0,0,0,0,0,0,0,,
147,DL,Delhi,DL_North Delhi,North Delhi,60,60,0,0,0,0,0,0,0,,
148,DL,Delhi,DL_North East Delhi,North East Delhi,25,25,0,0,0,0,0,0,0,,
149,DL,Delhi,DL_North West Delhi,North West Delhi,32,31,0,1,0,0,0,0,0,,
150,DL,Delhi,DL_Shahdara,Shahdara,48,48,0,0,0,0,0,0,0,,
151,DL,Delhi,DL_South Delhi,South Delhi,70,70,0,0,0,0,0,0,0,,
152,DL,Delhi,DL_South East Delhi,South East Delhi,130,130,0,0,0,0,0,0,0,,
153,DL,Delhi,DL_South West Delhi,South West Delhi,42,42,0,0,0,0,0,0,0,,
154,DL,Delhi,DL_West Delhi,West Delhi,122,122,0,0,0,0,0,0,0,,
0,DN,Dadra and Nagar Haveli and Daman and Diu,DN_Other State,Other State,0,0,0,0,0,0,0,0,0,,
141,DN,Dadra and Nagar Haveli and Daman and Diu,DN_Dadra and Nagar Haveli,Dadra and Nagar Haveli,366,141,219,1,5,28,15,13,0,5 cases are migrated to different states which are reduced from active count.,
142,DN,Dadra and Nagar Haveli and Daman and Diu,DN_Daman,Daman,410,136,272,1,1,13,3,10,0,1 cases are migrated to different states which are reduced from active count.,
143,DN,Dadra and Nagar Haveli and Daman and Diu,DN_Diu,Diu,44,18,22,0,4,4,4,0,0,4 cases are migrated to different states which are reduced from active count.,
0,GA,Goa,GA_Other State,Other State,174,129,45,0,0,0,0,0,0,"Travelled by Road,Train,Flight",
155,GA,Goa,GA_North Goa,North Goa,826,438,382,6,0,0,0,0,0,,
156,GA,Goa,GA_South Goa,South Goa,1849,1040,787,22,0,0,0,0,0,,
0,GJ,Gujarat,GJ_Other State,Other State,86,3,82,1,0,0,0,0,0,,
157,GJ,Gujarat,GJ_Ahmedabad,Ahmedabad,24963,3658,19745,1560,0,0,0,0,0,,
158,GJ,Gujarat,GJ_Amreli,Amreli,262,104,149,9,0,0,0,0,0,,
159,GJ,Gujarat,GJ_Anand,Anand,377,23,341,13,0,0,0,0,0,,
160,GJ,Gujarat,GJ_Aravalli,Aravalli,280,22,234,24,0,0,0,0,0,,
161,GJ,Gujarat,GJ_Banaskantha,Banaskantha,504,119,368,17,0,0,0,0,0,,
162,GJ,Gujarat,GJ_Bharuch,Bharuch,644,220,413,11,0,0,0,0,0,,
163,GJ,Gujarat,GJ_Bhavnagar,Bhavnagar,1031,417,595,19,0,0,0,0,0,,
164,GJ,Gujarat,GJ_Botad,Botad,174,47,123,4,0,0,0,0,0,,
165,GJ,Gujarat,GJ_Chhota Udaipur,Chhota Udaipur,107,35,70,2,0,0,0,0,0,,
167,GJ,Gujarat,GJ_Dahod,Dahod,321,255,61,5,0,0,0,0,0,,
187,GJ,Gujarat,GJ_Dang,Dang,9,2,7,0,0,0,0,0,0,,
166,GJ,Gujarat,GJ_Devbhumi Dwarka,Devbhumi Dwarka,34,6,25,3,0,0,0,0,0,,
168,GJ,Gujarat,GJ_Gandhinagar,Gandhinagar,1173,288,849,36,0,0,0,0,0,,
169,GJ,Gujarat,GJ_Gir Somnath,Gir Somnath,236,172,60,4,0,0,0,0,0,,
170,GJ,Gujarat,GJ_Jamnagar,Jamnagar,498,152,338,8,0,0,0,0,0,,
171,GJ,Gujarat,GJ_Junagadh,Junagadh,614,155,451,8,0,0,0,0,0,,
173,GJ,Gujarat,GJ_Kheda,Kheda,476,135,326,15,0,0,0,0,0,,
172,GJ,Gujarat,GJ_Kutch,Kutch,374,143,221,10,0,0,0,0,0,,
175,GJ,Gujarat,GJ_Mahisagar,Mahisagar,247,102,143,2,0,0,0,0,0,,
174,GJ,Gujarat,GJ_Mehsana,Mehsana,637,361,260,16,0,0,0,0,0,,
176,GJ,Gujarat,GJ_Morbi,Morbi,160,51,105,4,0,0,0,0,0,,
177,GJ,Gujarat,GJ_Narmada,Narmada,171,61,110,0,0,0,0,0,0,,
178,GJ,Gujarat,GJ_Navsari,Navsari,399,146,248,5,0,0,0,0,0,,
179,GJ,Gujarat,GJ_Panchmahal,Panchmahal,342,96,231,15,0,0,0,0,0,,
180,GJ,Gujarat,GJ_Patan,Patan,413,106,286,21,0,0,0,0,0,,
181,GJ,Gujarat,GJ_Porbandar,Porbandar,34,6,26,2,0,0,0,0,0,,
182,GJ,Gujarat,GJ_Rajkot,Rajkot,1151,695,435,21,0,0,0,0,0,,
183,GJ,Gujarat,GJ_Sabarkantha,Sabarkantha,336,117,211,8,0,0,0,0,0,,
184,GJ,Gujarat,GJ_Surat,Surat,10532,3102,7121,309,0,0,0,0,0,,
185,GJ,Gujarat,GJ_Surendranagar,Surendranagar,504,292,202,10,0,0,0,0,0,,
186,GJ,Gujarat,GJ_Tapi,Tapi,97,36,61,0,0,0,0,0,0,,
188,GJ,Gujarat,GJ_Vadodara,Vadodara,3820,621,3141,58,0,0,0,0,0,,
189,GJ,Gujarat,GJ_Valsad,Valsad,479,170,304,5,0,0,0,0,0,,
212,HP,Himachal Pradesh,HP_Bilaspur,Bilaspur,66,18,48,0,0,0,0,0,0,,
213,HP,Himachal Pradesh,HP_Chamba,Chamba,86,24,62,0,0,2,1,1,0,One death of COVID-19 positive patient has occured due to non-covid reasons,
214,HP,Himachal Pradesh,HP_Hamirpur,Hamirpur,286,10,273,3,0,0,0,0,0,,
215,HP,Himachal Pradesh,HP_Kangra,Kangra,370,62,303,3,2,11,10,1,0,Death of Tibetan refugee on March 22 included in Kangra district's tally,
216,HP,Himachal Pradesh,HP_Kinnaur,Kinnaur,39,17,22,0,0,0,0,0,0,,
217,HP,Himachal Pradesh,HP_Kullu,Kullu,22,15,7,0,0,0,0,0,0,,
218,HP,Himachal Pradesh,HP_Lahaul and Spiti,Lahaul and Spiti,4,0,4,0,0,0,0,0,0,,
219,HP,Himachal Pradesh,HP_Mandi,Mandi,56,15,38,3,0,3,1,2,0,,
220,HP,Himachal Pradesh,HP_Shimla,Shimla,120,68,50,2,0,0,0,0,0,One death of COVID-19 positive patient has occured due to non-covid reasons,
221,HP,Himachal Pradesh,HP_Sirmaur,Sirmaur,172,125,40,0,7,42,35,7,0,,
222,HP,Himachal Pradesh,HP_Solan,Solan,391,242,143,0,6,0,-2,2,0,,
223,HP,Himachal Pradesh,HP_Una,Una,171,43,128,0,0,0,0,0,0,,
0,HR,Haryana,HR_Foreign Evacuees,Foreign Evacuees,21,0,21,0,0,0,0,0,0,,
190,HR,Haryana,HR_Ambala,Ambala,1140,219,911,10,0,88,8,80,0,,
191,HR,Haryana,HR_Bhiwani,Bhiwani,744,58,681,5,0,7,-12,19,0,,
192,HR,Haryana,HR_Charkhi Dadri,Charkhi Dadri,130,42,87,1,0,17,16,1,0,,
193,HR,Haryana,HR_Faridabad,Faridabad,7073,1403,5553,117,0,220,75,142,3,,
194,HR,Haryana,HR_Fatehabad,Fatehabad,238,77,159,2,0,5,-4,9,0,,
195,HR,Haryana,HR_Gurugram,Gurugram,8266,1151,6996,119,0,139,53,85,1,,
196,HR,Haryana,HR_Hisar,Hisar,734,343,383,8,0,0,0,0,0,,
0,HR,Haryana,HR_Italians,Italians,14,0,14,0,0,0,0,0,0,,
197,HR,Haryana,HR_Jhajjar,Jhajjar,719,178,532,9,0,12,-16,27,1,,
198,HR,Haryana,HR_Jind,Jind,192,21,167,4,0,11,11,0,0,,
199,HR,Haryana,HR_Kaithal,Kaithal,203,63,140,0,0,10,9,1,0,,
200,HR,Haryana,HR_Karnal,Karnal,774,228,536,10,0,31,10,21,0,,
201,HR,Haryana,HR_Kurukshetra,Kurukshetra,286,97,188,1,0,0,0,0,0,,
202,HR,Haryana,HR_Mahendragarh,Mahendragarh,680,280,399,1,0,8,-8,16,0,,
203,HR,Haryana,HR_Nuh,Nuh,478,82,387,9,0,11,-10,21,0,,
204,HR,Haryana,HR_Palwal,Palwal,720,155,556,9,0,0,0,0,0,,
205,HR,Haryana,HR_Panchkula,Panchkula,369,222,147,0,0,22,21,1,0,,
206,HR,Haryana,HR_Panipat,Panipat,769,361,397,11,0,38,15,23,0,,
207,HR,Haryana,HR_Rewari,Rewari,1156,368,780,8,0,48,-41,89,0,,
208,HR,Haryana,HR_Rohtak,Rohtak,1224,263,941,20,0,33,22,11,0,,
209,HR,Haryana,HR_Sirsa,Sirsa,281,87,192,2,0,10,8,2,0,,
210,HR,Haryana,HR_Sonipat,Sonipat,2603,622,1952,29,0,78,77,0,1,,
211,HR,Haryana,HR_Yamunanagar,Yamunanagar,161,28,130,3,0,1,-3,4,0,,
246,JH,Jharkhand,JH_Bokaro,Bokaro,138,60,76,2,0,1,1,0,0,,
247,JH,Jharkhand,JH_Chatra,Chatra,231,144,87,0,0,0,0,0,0,,
248,JH,Jharkhand,JH_Deoghar,Deoghar,146,74,71,1,0,0,0,0,0,,
249,JH,Jharkhand,JH_Dhanbad,Dhanbad,433,242,179,12,0,7,6,0,1,,
250,JH,Jharkhand,JH_Dumka,Dumka,42,17,25,0,0,0,0,0,0,,
264,JH,Jharkhand,JH_East Singhbhum,East Singhbhum,1099,697,388,14,0,71,71,0,0,,
251,JH,Jharkhand,JH_Garhwa,Garhwa,327,230,97,0,0,0,0,0,0,,
252,JH,Jharkhand,JH_Giridih,Giridih,252,110,138,4,0,0,0,0,0,,
253,JH,Jharkhand,JH_Godda,Godda,88,67,19,2,0,0,0,0,0,,
254,JH,Jharkhand,JH_Gumla,Gumla,195,91,103,1,0,0,0,0,0,,
255,JH,Jharkhand,JH_Hazaribagh,Hazaribagh,446,201,240,5,0,0,0,0,0,,
256,JH,Jharkhand,JH_Jamtara,Jamtara,45,16,29,0,0,0,0,0,0,,
257,JH,Jharkhand,JH_Khunti,Khunti,46,12,33,1,0,0,0,0,0,,
258,JH,Jharkhand,JH_Koderma,Koderma,362,136,222,4,0,0,0,0,0,,
259,JH,Jharkhand,JH_Latehar,Latehar,226,160,66,0,0,0,0,0,0,,
260,JH,Jharkhand,JH_Lohardaga,Lohardaga,176,91,85,0,0,0,0,0,0,,
261,JH,Jharkhand,JH_Pakur,Pakur,189,110,79,0,0,0,0,0,0,,
262,JH,Jharkhand,JH_Palamu,Palamu,191,85,106,0,0,0,0,0,0,,
265,JH,Jharkhand,JH_Ramgarh,Ramgarh,269,119,149,1,0,0,0,0,0,,
266,JH,Jharkhand,JH_Ranchi,Ranchi,1061,758,291,12,0,0,0,0,0,,
267,JH,Jharkhand,JH_Sahibganj,Sahibganj,130,108,20,2,0,0,0,0,0,,
268,JH,Jharkhand,JH_Saraikela-Kharsawan,Saraikela-Kharsawan,134,57,75,2,0,0,0,0,0,,
269,JH,Jharkhand,JH_Simdega,Simdega,388,29,358,1,0,0,0,0,0,,
263,JH,Jharkhand,JH_West Singhbhum,West Singhbhum,147,34,112,1,0,0,0,0,0,,
224,JK,Jammu and Kashmir,JK_Anantnag,Anantnag,1098,363,716,19,0,0,0,0,0,,
226,JK,Jammu and Kashmir,JK_Bandipora,Bandipora,483,106,370,7,0,0,0,0,0,,
227,JK,Jammu and Kashmir,JK_Baramulla,Baramulla,1709,704,948,57,0,0,0,0,0,,
225,JK,Jammu and Kashmir,JK_Budgam,Budgam,950,430,500,20,0,0,0,0,0,,
228,JK,Jammu and Kashmir,JK_Doda,Doda,206,107,97,2,0,0,0,0,0,,
229,JK,Jammu and Kashmir,JK_Ganderbal,Ganderbal,307,163,139,5,0,0,0,0,0,,
230,JK,Jammu and Kashmir,JK_Jammu,Jammu,665,194,459,12,0,0,0,0,0,,
231,JK,Jammu and Kashmir,JK_Kathua,Kathua,396,119,276,1,0,0,0,0,0,,
232,JK,Jammu and Kashmir,JK_Kishtwar,Kishtwar,90,61,29,0,0,0,0,0,0,,
233,JK,Jammu and Kashmir,JK_Kulgam,Kulgam,1248,354,868,26,0,0,0,0,0,,
234,JK,Jammu and Kashmir,JK_Kupwara,Kupwara,976,363,598,15,0,0,0,0,0,,
235,JK,Jammu and Kashmir,JK_Mirpur,Mirpur,0,0,0,0,0,0,0,0,0,,
236,JK,Jammu and Kashmir,JK_Muzaffarabad,Muzaffarabad,0,0,0,0,0,0,0,0,0,,
237,JK,Jammu and Kashmir,JK_Pulwama,Pulwama,1072,520,538,14,0,0,0,0,0,,
238,JK,Jammu and Kashmir,JK_Punch,Punch,159,27,131,1,0,0,0,0,0,,
239,JK,Jammu and Kashmir,JK_Rajouri,Rajouri,486,365,119,2,0,0,0,0,0,,
240,JK,Jammu and Kashmir,JK_Ramban,Ramban,419,177,242,0,0,0,0,0,0,,
241,JK,Jammu and Kashmir,JK_Reasi,Reasi,94,49,45,0,0,0,0,0,0,,
242,JK,Jammu and Kashmir,JK_Samba,Samba,344,167,176,1,0,0,0,0,0,,
243,JK,Jammu and Kashmir,JK_Shopiyan,Shopiyan,1184,361,804,19,0,0,0,0,0,,
244,JK,Jammu and Kashmir,JK_Srinagar,Srinagar,3450,2126,1253,71,0,0,0,0,0,,
245,JK,Jammu and Kashmir,JK_Udhampur,Udhampur,375,75,299,1,0,0,0,0,0,,
270,KA,Karnataka,KA_Bagalkote,Bagalkote,878,524,318,36,0,0,0,0,0,,
271,KA,Karnataka,KA_Ballari,Ballari,2989,1556,1371,62,0,0,0,0,0,,
272,KA,Karnataka,KA_Belagavi,Belagavi,1315,859,426,30,0,0,0,0,0,,
274,KA,Karnataka,KA_Bengaluru Rural,Bengaluru Rural,1079,825,247,7,0,0,0,0,0,,
273,KA,Karnataka,KA_Bengaluru Urban,Bengaluru Urban,36993,27969,8288,735,1,0,0,0,0,,
275,KA,Karnataka,KA_Bidar,Bidar,1546,456,1021,66,3,0,0,0,0,,
276,KA,Karnataka,KA_Chamarajanagara,Chamarajanagara,395,180,210,5,0,0,0,0,0,,
277,KA,Karnataka,KA_Chikkaballapura,Chikkaballapura,1091,678,392,20,1,0,0,0,0,,
278,KA,Karnataka,KA_Chikkamagaluru,Chikkamagaluru,486,255,219,12,0,0,0,0,0,,
279,KA,Karnataka,KA_Chitradurga,Chitradurga,309,185,121,3,0,0,0,0,0,,
280,KA,Karnataka,KA_Dakshina Kannada,Dakshina Kannada,3991,2682,1231,76,2,0,0,0,0,,
281,KA,Karnataka,KA_Davanagere,Davanagere,1071,400,641,30,0,0,0,0,0,,
282,KA,Karnataka,KA_Dharwad,Dharwad,2485,1562,845,78,0,0,0,0,0,,
283,KA,Karnataka,KA_Gadag,Gadag,702,400,286,15,1,0,0,0,0,,
284,KA,Karnataka,KA_Hassan,Hassan,1131,489,609,33,0,0,0,0,0,,
285,KA,Karnataka,KA_Haveri,Haveri,583,272,292,19,0,0,0,0,0,,
286,KA,Karnataka,KA_Kalaburagi,Kalaburagi,3141,1211,1881,49,0,0,0,0,0,,
287,KA,Karnataka,KA_Kodagu,Kodagu,288,73,210,5,0,0,0,0,0,,
288,KA,Karnataka,KA_Kolar,Kolar,718,505,194,19,0,0,0,0,0,,
289,KA,Karnataka,KA_Koppal,Koppal,579,250,318,11,0,0,0,0,0,,
290,KA,Karnataka,KA_Mandya,Mandya,960,258,695,7,0,0,0,0,0,,
291,KA,Karnataka,KA_Mysuru,Mysuru,2053,1275,693,85,0,0,0,0,0,,
0,KA,Karnataka,KA_Other State,Other State,36,1,32,3,0,0,0,0,0,,
292,KA,Karnataka,KA_Raichur,Raichur,1138,430,692,15,1,0,0,0,0,,
293,KA,Karnataka,KA_Ramanagara,Ramanagara,561,357,195,9,0,0,0,0,0,,
294,KA,Karnataka,KA_Shivamogga,Shivamogga,931,517,401,13,0,0,0,0,0,,
295,KA,Karnataka,KA_Tumakuru,Tumakuru,797,489,280,28,0,0,0,0,0,,
296,KA,Karnataka,KA_Udupi,Udupi,2686,910,1765,11,0,0,0,0,0,,
297,KA,Karnataka,KA_Uttara Kannada,Uttara Kannada,1335,708,614,13,0,0,0,0,0,,
298,KA,Karnataka,KA_Vijayapura,Vijayapura,1810,542,1245,23,0,0,0,0,0,,
299,KA,Karnataka,KA_Yadgir,Yadgir,1756,248,1507,1,0,0,0,0,0,,
0,KL,Kerala,KL_Other State,Other State,0,0,0,0,0,0,0,0,0,,
300,KL,Kerala,KL_Alappuzha,Alappuzha,1290,779,507,3,1,82,43,39,0,,
301,KL,Kerala,KL_Ernakulam,Ernakulam,1320,950,364,5,1,100,4,95,1,,
302,KL,Kerala,KL_Idukki,Idukki,511,361,148,2,0,63,41,22,0,,
303,KL,Kerala,KL_Kannur,Kannur,1084,514,562,8,0,51,43,7,1,,
304,KL,Kerala,KL_Kasaragod,Kasaragod,1120,507,612,1,0,47,11,36,0,,
305,KL,Kerala,KL_Kollam,Kollam,1183,764,414,4,1,106,74,31,1,,
306,KL,Kerala,KL_Kottayam,Kottayam,692,385,307,0,0,80,55,25,0,,
307,KL,Kerala,KL_Kozhikode,Kozhikode,887,491,393,3,0,67,50,16,1,,
308,KL,Kerala,KL_Malappuram,Malappuram,1485,671,809,5,0,89,59,30,0,,
309,KL,Kerala,KL_Palakkad,Palakkad,1313,340,971,1,1,51,6,45,0,,
310,KL,Kerala,KL_Pathanamthitta,Pathanamthitta,953,528,423,1,1,27,27,0,0,,
311,KL,Kerala,KL_Thiruvananthapuram,Thiruvananthapuram,2924,2560,352,10,2,222,161,60,1,,
312,KL,Kerala,KL_Thrissur,Thrissur,1024,417,600,7,0,83,62,21,0,,
313,KL,Kerala,KL_Wayanad,Wayanad,325,192,132,1,0,10,5,5,0,,
314,LA,Ladakh,LA_Kargil,Kargil,739,24,714,1,0,0,-7,7,0,,
315,LA,Ladakh,LA_Leh,Leh,471,159,311,1,0,4,4,0,0,,
316,LD,Lakshadweep,LD_Lakshadweep,Lakshadweep,0,0,0,0,0,0,0,0,0,,
369,MH,Maharashtra,MH_Ahmednagar,Ahmednagar,2359,1315,1000,44,0,0,0,0,0,,
370,MH,Maharashtra,MH_Akola,Akola,2183,378,1702,102,1,0,0,0,0,,
371,MH,Maharashtra,MH_Amravati,Amravati,1429,388,993,48,0,0,0,0,0,,
372,MH,Maharashtra,MH_Aurangabad,Aurangabad,10629,4623,5590,416,0,0,0,0,0,,
374,MH,Maharashtra,MH_Beed,Beed,434,250,175,9,0,0,0,0,0,,
373,MH,Maharashtra,MH_Bhandara,Bhandara,188,26,160,2,0,0,0,0,0,,
375,MH,Maharashtra,MH_Buldhana,Buldhana,669,417,227,25,0,0,0,0,0,,
376,MH,Maharashtra,MH_Chandrapur,Chandrapur,261,91,170,0,0,0,0,0,0,,
377,MH,Maharashtra,MH_Dhule,Dhule,2187,705,1395,85,2,0,0,0,0,,
378,MH,Maharashtra,MH_Gadchiroli,Gadchiroli,211,84,126,1,0,0,0,0,0,,
379,MH,Maharashtra,MH_Gondia,Gondia,231,23,205,3,0,0,0,0,0,,
380,MH,Maharashtra,MH_Hingoli,Hingoli,453,140,309,4,0,0,0,0,0,,
381,MH,Maharashtra,MH_Jalgaon,Jalgaon,8138,2254,5455,429,0,0,0,0,0,,
382,MH,Maharashtra,MH_Jalna,Jalna,1571,840,673,58,0,0,0,0,0,,
383,MH,Maharashtra,MH_Kolhapur,Kolhapur,2646,1605,988,53,0,0,0,0,0,,
384,MH,Maharashtra,MH_Latur,Latur,1267,636,569,62,0,0,0,0,0,,
385,MH,Maharashtra,MH_Mumbai,Mumbai,104678,23393,75118,5875,292,0,0,0,0,,
386,MH,Maharashtra,MH_Mumbai Suburban,Mumbai Suburban,0,0,0,0,0,0,0,0,0,,
387,MH,Maharashtra,MH_Nagpur,Nagpur,2806,1289,1479,37,1,0,0,0,0,,
388,MH,Maharashtra,MH_Nanded,Nanded,999,494,463,42,0,0,0,0,0,,
389,MH,Maharashtra,MH_Nandurbar,Nandurbar,466,248,198,20,0,0,0,0,0,,
390,MH,Maharashtra,MH_Nashik,Nashik,10745,4544,5818,383,0,0,0,0,0,,
391,MH,Maharashtra,MH_Osmanabad,Osmanabad,573,195,349,29,0,0,0,0,0,,
0,MH,Maharashtra,MH_Other State,Other State,288,251,0,37,0,0,0,0,0,,
392,MH,Maharashtra,MH_Palghar,Palghar,12773,5339,7176,258,0,0,0,0,0,,
393,MH,Maharashtra,MH_Parbhani,Parbhani,413,225,175,13,0,0,0,0,0,,
394,MH,Maharashtra,MH_Pune,Pune,63351,39353,22484,1514,0,0,0,0,0,,
395,MH,Maharashtra,MH_Raigad,Raigad,12616,5671,6703,240,2,0,0,0,0,,
396,MH,Maharashtra,MH_Ratnagiri,Ratnagiri,1328,545,738,45,0,0,0,0,0,,
397,MH,Maharashtra,MH_Sangli,Sangli,1095,515,543,37,0,0,0,0,0,,
398,MH,Maharashtra,MH_Satara,Satara,2649,1169,1387,92,1,0,0,0,0,,
399,MH,Maharashtra,MH_Sindhudurg,Sindhudurg,290,44,241,5,0,0,0,0,0,,
400,MH,Maharashtra,MH_Solapur,Solapur,6655,3302,2941,411,1,0,0,0,0,,
401,MH,Maharashtra,MH_Thane,Thane,79911,36180,41584,2146,1,0,0,0,0,,
402,MH,Maharashtra,MH_Wardha,Wardha,84,41,40,2,1,0,0,0,0,,
403,MH,Maharashtra,MH_Washim,Washim,420,228,183,9,0,0,0,0,0,,
404,MH,Maharashtra,MH_Yavatmal,Yavatmal,611,179,412,20,0,0,0,0,0,,
421,ML,Meghalaya,ML_East Garo Hills,East Garo Hills,1,1,0,0,0,0,0,0,0,,
422,ML,Meghalaya,ML_East Jaintia Hills,East Jaintia Hills,4,3,1,0,0,0,0,0,0,,
423,ML,Meghalaya,ML_East Khasi Hills,East Khasi Hills,425,379,42,4,0,13,13,0,0,,
424,ML,Meghalaya,ML_North Garo Hills,North Garo Hills,2,1,1,0,0,0,0,0,0,,
425,ML,Meghalaya,ML_Ribhoi,Ribhoi,43,42,1,0,0,0,0,0,0,,
426,ML,Meghalaya,ML_South Garo Hills,South Garo Hills,2,2,0,0,0,0,0,0,0,,
427,ML,Meghalaya,ML_South West Garo Hills,South West Garo Hills,11,4,7,0,0,3,3,0,0,,
428,ML,Meghalaya,ML_South West Khasi Hills,South West Khasi Hills,0,0,0,0,0,0,0,0,0,,
429,ML,Meghalaya,ML_West Garo Hills,West Garo Hills,21,15,6,0,0,3,3,0,0,,
430,ML,Meghalaya,ML_West Jaintia Hills,West Jaintia Hills,10,5,5,0,0,0,0,0,0,,
431,ML,Meghalaya,ML_West Khasi Hills,West Khasi Hills,1,0,1,0,0,0,0,0,0,,
405,MN,Manipur,MN_Bishnupur,Bishnupur,86,28,58,0,0,0,0,0,0,,
406,MN,Manipur,MN_Chandel,Chandel,39,35,4,0,0,0,0,0,0,,
407,MN,Manipur,MN_Churachandpur,Churachandpur,174,116,58,0,0,0,0,0,0,,
408,MN,Manipur,MN_Imphal East,Imphal East,74,58,16,0,0,0,0,0,0,,
409,MN,Manipur,MN_Imphal West,Imphal West,202,150,52,0,0,6,6,0,0,,
410,MN,Manipur,MN_Jiribam,Jiribam,102,100,2,0,0,0,0,0,0,,
411,MN,Manipur,MN_Kakching,Kakching,114,87,27,0,0,3,3,0,0,,
412,MN,Manipur,MN_Kamjong,Kamjong,136,119,17,0,0,1,1,0,0,,
413,MN,Manipur,MN_Kangpokpi,Kangpokpi,271,252,19,0,0,12,12,0,0,,
414,MN,Manipur,MN_Noney,Noney,25,7,18,0,0,0,0,0,0,,
415,MN,Manipur,MN_Pherzawl,Pherzawl,32,17,15,0,0,0,0,0,0,,
416,MN,Manipur,MN_Senapati,Senapati,199,178,21,0,0,0,0,0,0,,
417,MN,Manipur,MN_Tamenglong,Tamenglong,212,180,32,0,0,0,0,0,0,,
418,MN,Manipur,MN_Tengnoupal,Tengnoupal,16,3,13,0,0,1,1,0,0,,
419,MN,Manipur,MN_Thoubal,Thoubal,173,150,23,0,0,31,31,0,0,,
420,MN,Manipur,MN_Ukhrul,Ukhrul,260,242,18,0,0,1,1,0,0,,
317,MP,Madhya Pradesh,MP_Agar Malwa,Agar Malwa,67,25,39,3,0,3,3,0,0,,
318,MP,Madhya Pradesh,MP_Alirajpur,Alirajpur,91,72,18,1,0,1,1,0,0,,
319,MP,Madhya Pradesh,MP_Anuppur,Anuppur,67,35,32,0,0,15,15,0,0,,
320,MP,Madhya Pradesh,MP_Ashoknagar,Ashoknagar,79,20,58,1,0,1,0,1,0,,
321,MP,Madhya Pradesh,MP_Balaghat,Balaghat,85,31,54,0,0,11,11,0,0,,
322,MP,Madhya Pradesh,MP_Barwani,Barwani,301,93,203,5,0,12,-1,13,0,,
323,MP,Madhya Pradesh,MP_Betul,Betul,176,51,123,2,0,1,-11,12,0,,
324,MP,Madhya Pradesh,MP_Bhind,Bhind,423,41,381,1,0,1,-13,14,0,,
325,MP,Madhya Pradesh,MP_Bhopal,Bhopal,4800,1381,3271,148,0,131,51,76,4,,
326,MP,Madhya Pradesh,MP_Burhanpur,Burhanpur,451,17,411,23,0,0,0,0,0,,
327,MP,Madhya Pradesh,MP_Chhatarpur,Chhatarpur,180,89,89,2,0,32,26,6,0,,
328,MP,Madhya Pradesh,MP_Chhindwara,Chhindwara,104,28,74,2,0,6,3,3,0,,
329,MP,Madhya Pradesh,MP_Damoh,Damoh,102,34,67,1,0,8,-2,10,0,,
330,MP,Madhya Pradesh,MP_Datia,Datia,168,81,85,2,0,5,1,4,0,,
331,MP,Madhya Pradesh,MP_Dewas,Dewas,400,126,264,10,0,4,-2,6,0,,
332,MP,Madhya Pradesh,MP_Dhar,Dhar,334,135,190,9,0,9,6,3,0,,
333,MP,Madhya Pradesh,MP_Dindori,Dindori,32,1,31,0,0,0,0,0,0,,
335,MP,Madhya Pradesh,MP_Guna,Guna,60,25,31,4,0,1,0,1,0,,
336,MP,Madhya Pradesh,MP_Gwalior,Gwalior,1858,715,1133,10,0,60,9,50,1,,
337,MP,Madhya Pradesh,MP_Harda,Harda,157,64,88,5,0,4,-1,5,0,,
338,MP,Madhya Pradesh,MP_Hoshangabad,Hoshangabad,116,61,50,5,0,2,-5,7,0,,
339,MP,Madhya Pradesh,MP_Indore,Indore,6457,1637,4519,301,0,118,35,82,1,,
340,MP,Madhya Pradesh,MP_Jabalpur,Jabalpur,884,310,552,22,0,20,-17,36,1,,
341,MP,Madhya Pradesh,MP_Jhabua,Jhabua,97,51,43,3,0,4,4,0,0,,
342,MP,Madhya Pradesh,MP_Katni,Katni,71,36,32,3,0,13,10,3,0,,
334,MP,Madhya Pradesh,MP_Khandwa,Khandwa,548,93,436,19,0,6,-9,15,0,,
368,MP,Madhya Pradesh,MP_Khargone,Khargone,582,151,415,16,0,11,2,9,0,,
343,MP,Madhya Pradesh,MP_Mandla,Mandla,20,13,6,1,0,1,1,0,0,,
344,MP,Madhya Pradesh,MP_Mandsaur,Mandsaur,331,98,223,10,0,7,-9,16,0,,
345,MP,Madhya Pradesh,MP_Morena,Morena,1410,274,1128,8,0,9,-38,47,0,,
346,MP,Madhya Pradesh,MP_Narsinghpur,Narsinghpur,116,76,39,1,0,7,6,1,0,,
347,MP,Madhya Pradesh,MP_Neemuch,Neemuch,566,66,492,8,0,8,1,7,0,,
348,MP,Madhya Pradesh,MP_Niwari,Niwari,28,15,13,0,0,0,-1,1,0,,
0,MP,Madhya Pradesh,MP_Other Region,Other Region,0,0,0,0,0,0,0,0,0,,
349,MP,Madhya Pradesh,MP_Panna,Panna,83,23,60,0,0,4,4,0,0,,
350,MP,Madhya Pradesh,MP_Raisen,Raisen,247,131,111,5,0,5,5,0,0,,
351,MP,Madhya Pradesh,MP_Rajgarh,Rajgarh,199,66,124,9,0,12,5,6,1,,
352,MP,Madhya Pradesh,MP_Ratlam,Ratlam,344,96,241,7,0,15,9,6,0,,
353,MP,Madhya Pradesh,MP_Rewa,Rewa,167,83,83,1,0,8,8,0,0,,
354,MP,Madhya Pradesh,MP_Sagar,Sagar,579,123,427,29,0,8,4,3,1,,
355,MP,Madhya Pradesh,MP_Satna,Satna,89,34,49,6,0,6,5,0,1,,
356,MP,Madhya Pradesh,MP_Sehore,Sehore,123,68,49,6,0,3,-4,7,0,,
357,MP,Madhya Pradesh,MP_Seoni,Seoni,29,8,20,1,0,2,2,0,0,,
358,MP,Madhya Pradesh,MP_Shahdol,Shahdol,54,23,31,0,0,0,-3,3,0,,
359,MP,Madhya Pradesh,MP_Shajapur,Shajapur,241,124,113,4,0,2,-15,17,0,,
360,MP,Madhya Pradesh,MP_Sheopur,Sheopur,194,91,101,2,0,8,7,1,0,,
361,MP,Madhya Pradesh,MP_Shivpuri,Shivpuri,258,77,179,2,0,5,-11,16,0,,
362,MP,Madhya Pradesh,MP_Sidhi,Sidhi,62,22,39,1,0,5,-2,7,0,,
363,MP,Madhya Pradesh,MP_Singrauli,Singrauli,69,46,22,1,0,0,0,0,0,,
364,MP,Madhya Pradesh,MP_Tikamgarh,Tikamgarh,273,105,161,7,0,4,-8,12,0,,
365,MP,Madhya Pradesh,MP_Ujjain,Ujjain,1056,163,822,71,0,32,23,9,0,,
366,MP,Madhya Pradesh,MP_Umaria,Umaria,35,12,22,1,0,0,-2,2,0,,
367,MP,Madhya Pradesh,MP_Vidisha,Vidisha,211,95,115,1,0,2,-4,6,0,,
432,MZ,Mizoram,MZ_Aizawl,Aizawl,154,104,50,0,0,7,7,0,0,,
433,MZ,Mizoram,MZ_Champhai,Champhai,13,3,10,0,0,1,1,0,0,,
729,MZ,Mizoram,MZ_Hnahthial,Hnahthial,0,0,0,0,0,0,0,0,0,,
730,MZ,Mizoram,MZ_Khawzawl,Khawzawl,3,0,3,0,0,0,0,0,0,,
434,MZ,Mizoram,MZ_Kolasib,Kolasib,13,1,12,0,0,1,1,0,0,,
435,MZ,Mizoram,MZ_Lawngtlai,Lawngtlai,21,13,8,0,0,0,0,0,0,,
436,MZ,Mizoram,MZ_Lunglei,Lunglei,65,14,51,0,0,0,-4,4,0,,
437,MZ,Mizoram,MZ_Mamit,Mamit,21,1,20,0,0,0,0,0,0,,
438,MZ,Mizoram,MZ_Saiha,Saiha,26,3,23,0,0,0,0,0,0,,
728,MZ,Mizoram,MZ_Saitual,Saitual,3,0,3,0,0,0,0,0,0,,
439,MZ,Mizoram,MZ_Serchhip,Serchhip,7,4,3,0,0,0,0,0,0,,
0,NL,Nagaland,NL_Others,Others,46,46,0,0,0,0,0,0,0,,
440,NL,Nagaland,NL_Dimapur,Dimapur,359,329,30,0,0,26,26,0,0,,
441,NL,Nagaland,NL_Kiphire,Kiphire,4,4,0,0,0,0,0,0,0,,
442,NL,Nagaland,NL_Kohima,Kohima,206,190,16,0,0,61,61,0,0,,
443,NL,Nagaland,NL_Longleng,Longleng,5,5,0,0,0,0,0,0,0,,
444,NL,Nagaland,NL_Mokokchung,Mokokchung,9,9,0,0,0,0,0,0,0,,
445,NL,Nagaland,NL_Mon,Mon,124,124,0,0,0,0,0,0,0,,
446,NL,Nagaland,NL_Peren,Peren,328,250,78,0,0,2,2,0,0,,
447,NL,Nagaland,NL_Phek,Phek,19,10,9,0,0,1,1,0,0,,
448,NL,Nagaland,NL_Tuensang,Tuensang,49,49,0,0,0,0,0,0,0,,
449,NL,Nagaland,NL_Wokha,Wokha,11,11,0,0,0,0,0,0,0,,
450,NL,Nagaland,NL_Zunheboto,Zunheboto,14,14,0,0,0,0,0,0,0,,
0,OR,Odisha,OR_Others,Others,0,0,0,0,0,0,0,0,0,,
451,OR,Odisha,OR_Angul,Angul,237,76,159,2,0,7,6,1,0,,
452,OR,Odisha,OR_Balangir,Balangir,298,32,266,0,0,1,-4,5,0,,
453,OR,Odisha,OR_Balasore,Balasore,763,174,587,2,0,9,-22,31,0,,
454,OR,Odisha,OR_Bargarh,Bargarh,323,99,223,1,0,24,10,14,0,,
456,OR,Odisha,OR_Bhadrak,Bhadrak,423,91,328,4,0,30,22,8,0,,
455,OR,Odisha,OR_Boudh,Boudh,82,29,53,0,0,2,2,0,0,,
457,OR,Odisha,OR_Cuttack,Cuttack,1431,376,1043,12,0,47,20,27,0,,
458,OR,Odisha,OR_Deogarh,Deogarh,69,3,66,0,0,0,0,0,0,,
459,OR,Odisha,OR_Dhenkanal,Dhenkanal,150,48,102,0,0,6,-5,11,0,,
460,OR,Odisha,OR_Gajapati,Gajapati,816,242,568,6,0,74,68,6,0,,
461,OR,Odisha,OR_Ganjam,Ganjam,6902,2347,4483,72,0,540,128,407,5,,
462,OR,Odisha,OR_Jagatsinghpur,Jagatsinghpur,614,187,425,2,0,4,-11,15,0,,
463,OR,Odisha,OR_Jajpur,Jajpur,1060,169,889,2,0,17,13,4,0,,
464,OR,Odisha,OR_Jharsuguda,Jharsuguda,263,64,199,0,0,3,-2,5,0,,
465,OR,Odisha,OR_Kalahandi,Kalahandi,109,27,82,0,0,7,7,0,0,,
466,OR,Odisha,OR_Kandhamal,Kandhamal,297,83,213,1,0,29,15,14,0,,
467,OR,Odisha,OR_Kendrapara,Kendrapara,397,72,322,3,0,8,5,3,0,,
468,OR,Odisha,OR_Kendujhar,Kendujhar,463,87,375,1,0,25,14,11,0,,
469,OR,Odisha,OR_Khordha,Khordha,2356,959,1375,22,0,137,92,44,1,,
470,OR,Odisha,OR_Koraput,Koraput,381,223,158,0,0,27,24,3,0,,
471,OR,Odisha,OR_Malkangiri,Malkangiri,372,171,201,0,0,0,0,0,0,,
472,OR,Odisha,OR_Mayurbhanj,Mayurbhanj,499,118,379,2,0,15,-13,28,0,,
473,OR,Odisha,OR_Nabarangapur,Nabarangapur,180,37,142,1,0,4,4,0,0,,
474,OR,Odisha,OR_Nayagarh,Nayagarh,410,133,276,1,0,61,61,0,0,,
475,OR,Odisha,OR_Nuapada,Nuapada,101,1,100,0,0,1,1,0,0,,
476,OR,Odisha,OR_Puri,Puri,466,121,341,4,0,22,22,0,0,,
477,OR,Odisha,OR_Rayagada,Rayagada,422,281,139,2,0,84,84,0,0,,
478,OR,Odisha,OR_Sambalpur,Sambalpur,234,115,119,0,0,20,18,2,0,,
479,OR,Odisha,OR_Subarnapur,Subarnapur,64,15,49,0,0,0,0,0,0,,
480,OR,Odisha,OR_Sundargarh,Sundargarh,917,181,731,5,0,60,56,4,0,,
485,PB,Punjab,PB_Amritsar,Amritsar,1381,277,1039,65,0,19,2,16,1,,
486,PB,Punjab,PB_Barnala,Barnala,93,20,71,2,0,4,3,1,0,,
487,PB,Punjab,PB_Bathinda,Bathinda,242,105,133,4,0,42,42,0,0,,
488,PB,Punjab,PB_Faridkot,Faridkot,242,89,153,0,0,13,13,0,0,,
489,PB,Punjab,PB_Fatehgarh Sahib,Fatehgarh Sahib,258,74,182,2,0,14,5,9,0,,
490,PB,Punjab,PB_Fazilka,Fazilka,187,63,123,1,0,8,-6,14,0,,
491,PB,Punjab,PB_Ferozepur,Ferozepur,255,128,122,5,0,18,17,0,1,,
492,PB,Punjab,PB_Gurdaspur,Gurdaspur,337,32,292,13,0,14,11,3,0,,
493,PB,Punjab,PB_Hoshiarpur,Hoshiarpur,379,162,205,12,0,9,8,0,1,,
494,PB,Punjab,PB_Jalandhar,Jalandhar,1832,600,1196,36,0,60,59,0,1,,
495,PB,Punjab,PB_Kapurthala,Kapurthala,175,34,132,9,0,6,5,0,1,,
496,PB,Punjab,PB_Ludhiana,Ludhiana,2138,774,1315,49,0,79,79,0,0,,
497,PB,Punjab,PB_Mansa,Mansa,90,28,62,0,0,4,4,0,0,,
498,PB,Punjab,PB_Moga,Moga,233,79,149,5,0,4,1,3,0,,
499,PB,Punjab,PB_Pathankot,Pathankot,304,40,254,10,0,13,4,9,0,,
500,PB,Punjab,PB_Patiala,Patiala,1184,655,510,19,0,53,51,0,2,,
501,PB,Punjab,PB_Rupnagar,Rupnagar,180,30,149,1,0,0,0,0,0,,
502,PB,Punjab,PB_S.A.S. Nagar,S.A.S. Nagar,635,214,408,13,0,30,5,24,1,,
503,PB,Punjab,PB_Sangrur,Sangrur,865,192,651,22,0,21,11,10,0,,
504,PB,Punjab,PB_Shahid Bhagat Singh Nagar,Shahid Bhagat Singh Nagar,278,55,221,2,0,4,1,3,0,,
505,PB,Punjab,PB_Sri Muktsar Sahib,Sri Muktsar Sahib,199,35,163,1,0,13,5,8,0,,
506,PB,Punjab,PB_Tarn Taran,Tarn Taran,252,35,211,6,0,10,10,0,0,,
481,PY,Puducherry,PY_Karaikal,Karaikal,146,52,92,2,0,3,-1,4,0,,
482,PY,Puducherry,PY_Mahe,Mahe,22,1,21,0,0,0,0,0,0,,
483,PY,Puducherry,PY_Puducherry,Puducherry,2170,897,1242,31,0,117,97,17,3,"28 cases(23 of TN, 1 of AP & 4 other) have been transferred,so have been reduced from the total count.[July 18]4 cases have transferred to TN and have been reduced from recovered cases.",
484,PY,Puducherry,PY_Yanam,Yanam,83,37,45,1,0,1,-9,10,0,"2 cases of AP have been transferred,so have been reduced from the total count",
507,RJ,Rajasthan,RJ_Ajmer,Ajmer,1338,539,771,28,0,30,2,28,0,,
508,RJ,Rajasthan,RJ_Alwar,Alwar,2186,1138,1037,11,0,92,92,0,0,,
509,RJ,Rajasthan,RJ_Banswara,Banswara,120,9,109,2,0,3,-3,6,0,,
510,RJ,Rajasthan,RJ_Baran,Baran,91,13,74,4,0,10,9,1,0,,
511,RJ,Rajasthan,RJ_Barmer,Barmer,1077,484,585,8,0,0,0,0,0,,
512,RJ,Rajasthan,RJ_Bharatpur,Bharatpur,2245,259,1940,46,0,0,-15,15,0,,
513,RJ,Rajasthan,RJ_Bhilwara,Bhilwara,416,127,283,6,0,0,0,0,0,,
514,RJ,Rajasthan,RJ_Bikaner,Bikaner,1566,691,848,27,0,0,-63,63,0,,
0,RJ,Rajasthan,RJ_BSF Camp,BSF Camp,59,7,52,0,0,0,0,0,0,,
515,RJ,Rajasthan,RJ_Bundi,Bundi,40,14,26,0,0,0,0,0,0,,
516,RJ,Rajasthan,RJ_Chittorgarh,Chittorgarh,224,12,206,6,0,0,0,0,0,,
517,RJ,Rajasthan,RJ_Churu,Churu,535,101,432,2,0,0,0,0,0,,
518,RJ,Rajasthan,RJ_Dausa,Dausa,271,46,221,4,0,1,0,1,0,,
519,RJ,Rajasthan,RJ_Dholpur,Dholpur,1077,222,840,15,0,0,0,0,0,,
520,RJ,Rajasthan,RJ_Dungarpur,Dungarpur,531,46,484,1,0,0,0,0,0,,
0,RJ,Rajasthan,RJ_Evacuees,Evacuees,61,0,61,0,0,0,0,0,0,,
521,RJ,Rajasthan,RJ_Ganganagar,Ganganagar,116,51,62,3,0,1,-1,2,0,,
522,RJ,Rajasthan,RJ_Hanumangarh,Hanumangarh,177,82,94,1,0,0,-4,4,0,,
0,RJ,Rajasthan,RJ_Italians,Italians,2,0,2,0,0,0,0,0,0,,
523,RJ,Rajasthan,RJ_Jaipur,Jaipur,4582,938,3465,179,0,51,51,0,0,,
524,RJ,Rajasthan,RJ_Jaisalmer,Jaisalmer,157,42,115,0,0,0,0,0,0,,
525,RJ,Rajasthan,RJ_Jalore,Jalore,990,264,722,4,0,0,-1,0,1,,
526,RJ,Rajasthan,RJ_Jhalawar,Jhalawar,432,49,383,0,0,1,1,0,0,,
527,RJ,Rajasthan,RJ_Jhunjhunu,Jhunjhunu,512,21,487,4,0,1,-13,14,0,,
528,RJ,Rajasthan,RJ_Jodhpur,Jodhpur,5260,1526,3660,74,0,105,104,0,1,,
529,RJ,Rajasthan,RJ_Karauli,Karauli,245,123,117,5,0,0,0,0,0,,
530,RJ,Rajasthan,RJ_Kota,Kota,1161,294,837,30,0,41,41,0,0,,
531,RJ,Rajasthan,RJ_Nagaur,Nagaur,1184,240,923,21,0,0,-1,0,1,,
0,RJ,Rajasthan,RJ_Other State,Other State,182,107,41,34,0,0,0,0,0,,
532,RJ,Rajasthan,RJ_Pali,Pali,2150,584,1542,24,0,0,-2,0,2,,
533,RJ,Rajasthan,RJ_Pratapgarh,Pratapgarh,162,22,138,2,0,0,0,0,0,,
534,RJ,Rajasthan,RJ_Rajsamand,Rajsamand,492,106,381,5,0,0,0,0,0,,
535,RJ,Rajasthan,RJ_Sawai Madhopur,Sawai Madhopur,165,34,121,10,0,3,3,0,0,,
536,RJ,Rajasthan,RJ_Sikar,Sikar,791,76,707,8,0,0,0,0,0,,
537,RJ,Rajasthan,RJ_Sirohi,Sirohi,786,124,652,10,0,0,0,0,0,,
538,RJ,Rajasthan,RJ_Tonk,Tonk,245,25,218,2,0,0,0,0,0,,
539,RJ,Rajasthan,RJ_Udaipur,Udaipur,1045,171,862,12,0,0,0,0,0,,
540,SK,Sikkim,SK_East Sikkim,East Sikkim,329,242,74,0,13,0,0,0,0,,
541,SK,Sikkim,SK_North Sikkim,North Sikkim,1,0,1,0,0,0,0,0,0,,
542,SK,Sikkim,SK_South Sikkim,South Sikkim,91,65,26,0,0,0,0,0,0,,
543,SK,Sikkim,SK_West Sikkim,West Sikkim,30,19,11,0,0,0,0,0,0,,
0,TG,Telangana,TG_Foreign Evacuees,Foreign Evacuees,33,33,0,0,0,0,0,0,0,,District-wise numbers are out-dated as cumulative counts for each district are not reported in Telangana bulletin
0,TG,Telangana,TG_Other State,Other State,250,250,0,0,0,0,0,0,0,,District-wise numbers are out-dated as cumulative counts for each district are not reported in Telangana bulletin
576,TG,Telangana,TG_Adilabad,Adilabad,137,122,15,0,0,0,0,0,0,,District-wise numbers are out-dated as cumulative counts for each district are not reported in Telangana bulletin
577,TG,Telangana,TG_Bhadradri Kothagudem,Bhadradri Kothagudem,126,122,4,0,0,0,0,0,0,,District-wise numbers are out-dated as cumulative counts for each district are not reported in Telangana bulletin
578,TG,Telangana,TG_Hyderabad,Hyderabad,33984,33656,305,23,0,0,0,0,0,,District-wise numbers are out-dated as cumulative counts for each district are not reported in Telangana bulletin
579,TG,Telangana,TG_Jagtial,Jagtial,126,124,2,0,0,0,0,0,0,,District-wise numbers are out-dated as cumulative counts for each district are not reported in Telangana bulletin
580,TG,Telangana,TG_Jangaon,Jangaon,165,164,1,0,0,0,0,0,0,,District-wise numbers are out-dated as cumulative counts for each district are not reported in Telangana bulletin
581,TG,Telangana,TG_Jayashankar Bhupalapally,Jayashankar Bhupalapally,125,125,0,0,0,0,0,0,0,,District-wise numbers are out-dated as cumulative counts for each district are not reported in Telangana bulletin
582,TG,Telangana,TG_Jogulamba Gadwal,Jogulamba Gadwal,136,110,25,1,0,0,0,0,0,,District-wise numbers are out-dated as cumulative counts for each district are not reported in Telangana bulletin
583,TG,Telangana,TG_Kamareddy,Kamareddy,339,331,8,0,0,0,0,0,0,,District-wise numbers are out-dated as cumulative counts for each district are not reported in Telangana bulletin
584,TG,Telangana,TG_Karimnagar,Karimnagar,865,849,16,0,0,0,0,0,0,,District-wise numbers are out-dated as cumulative counts for each district are not reported in Telangana bulletin
585,TG,Telangana,TG_Khammam,Khammam,267,264,3,0,0,0,0,0,0,,District-wise numbers are out-dated as cumulative counts for each district are not reported in Telangana bulletin
586,TG,Telangana,TG_Komaram Bheem,Komaram Bheem,54,52,2,0,0,0,0,0,0,,District-wise numbers are out-dated as cumulative counts for each district are not reported in Telangana bulletin
587,TG,Telangana,TG_Mahabubabad,Mahabubabad,210,209,1,0,0,0,0,0,0,,District-wise numbers are out-dated as cumulative counts for each district are not reported in Telangana bulletin
588,TG,Telangana,TG_Mahabubnagar,Mahabubnagar,348,340,8,0,0,0,0,0,0,,District-wise numbers are out-dated as cumulative counts for each district are not reported in Telangana bulletin
589,TG,Telangana,TG_Mancherial,Mancherial,202,201,0,1,0,0,0,0,0,,District-wise numbers are out-dated as cumulative counts for each district are not reported in Telangana bulletin
590,TG,Telangana,TG_Medak,Medak,377,373,4,0,0,0,0,0,0,,District-wise numbers are out-dated as cumulative counts for each district are not reported in Telangana bulletin
591,TG,Telangana,TG_Medchal Malkajgiri,Medchal Malkajgiri,2413,2403,9,1,0,0,0,0,0,,District-wise numbers are out-dated as cumulative counts for each district are not reported in Telangana bulletin
592,TG,Telangana,TG_Mulugu,Mulugu,66,64,2,0,0,0,0,0,0,,District-wise numbers are out-dated as cumulative counts for each district are not reported in Telangana bulletin
593,TG,Telangana,TG_Nagarkurnool,Nagarkurnool,187,185,2,0,0,0,0,0,0,,District-wise numbers are out-dated as cumulative counts for each district are not reported in Telangana bulletin
594,TG,Telangana,TG_Nalgonda,Nalgonda,688,676,12,0,0,0,0,0,0,,District-wise numbers are out-dated as cumulative counts for each district are not reported in Telangana bulletin
595,TG,Telangana,TG_Narayanpet,Narayanpet,48,47,0,1,0,0,0,0,0,,District-wise numbers are out-dated as cumulative counts for each district are not reported in Telangana bulletin
596,TG,Telangana,TG_Nirmal,Nirmal,55,42,13,0,0,0,0,0,0,,District-wise numbers are out-dated as cumulative counts for each district are not reported in Telangana bulletin
597,TG,Telangana,TG_Nizamabad,Nizamabad,439,409,30,0,0,0,0,0,0,,District-wise numbers are out-dated as cumulative counts for each district are not reported in Telangana bulletin
598,TG,Telangana,TG_Peddapalli,Peddapalli,198,197,1,0,0,0,0,0,0,,District-wise numbers are out-dated as cumulative counts for each district are not reported in Telangana bulletin
599,TG,Telangana,TG_Rajanna Sircilla,Rajanna Sircilla,206,204,2,0,0,0,0,0,0,,District-wise numbers are out-dated as cumulative counts for each district are not reported in Telangana bulletin
600,TG,Telangana,TG_Ranga Reddy,Ranga Reddy,3901,3882,17,2,0,0,0,0,0,,District-wise numbers are out-dated as cumulative counts for each district are not reported in Telangana bulletin
601,TG,Telangana,TG_Sangareddy,Sangareddy,821,815,6,0,0,0,0,0,0,,District-wise numbers are out-dated as cumulative counts for each district are not reported in Telangana bulletin
602,TG,Telangana,TG_Siddipet,Siddipet,158,157,1,0,0,0,0,0,0,,District-wise numbers are out-dated as cumulative counts for each district are not reported in Telangana bulletin
603,TG,Telangana,TG_Suryapet,Suryapet,359,335,24,0,0,0,0,0,0,,District-wise numbers are out-dated as cumulative counts for each district are not reported in Telangana bulletin
604,TG,Telangana,TG_Vikarabad,Vikarabad,204,188,15,1,0,0,0,0,0,,District-wise numbers are out-dated as cumulative counts for each district are not reported in Telangana bulletin
605,TG,Telangana,TG_Wanaparthy,Wanaparthy,161,161,0,0,0,0,0,0,0,,District-wise numbers are out-dated as cumulative counts for each district are not reported in Telangana bulletin
606,TG,Telangana,TG_Warangal Rural,Warangal Rural,285,285,0,0,0,0,0,0,0,,District-wise numbers are out-dated as cumulative counts for each district are not reported in Telangana bulletin
607,TG,Telangana,TG_Warangal Urban,Warangal Urban,747,724,23,0,0,0,0,0,0,,District-wise numbers are out-dated as cumulative counts for each district are not reported in Telangana bulletin
608,TG,Telangana,TG_Yadadri Bhuvanagiri,Yadadri Bhuvanagiri,122,122,0,0,0,0,0,0,0,,District-wise numbers are out-dated as cumulative counts for each district are not reported in Telangana bulletin
0,TN,Tamil Nadu,TN_Railway Quarantine,Railway Quarantine,424,12,412,0,0,0,-2,2,0,,
0,TN,Tamil Nadu,TN_Airport Quarantine,Airport Quarantine,1219,280,938,1,0,16,-124,140,0,,
0,TN,Tamil Nadu,TN_Other State,Other State,0,-3,0,3,0,0,0,0,0,,
544,TN,Tamil Nadu,TN_Ariyalur,Ariyalur,759,158,598,3,0,49,25,24,0,,
732,TN,Tamil Nadu,TN_Chengalpattu,Chengalpattu,10888,2668,8006,214,0,393,144,245,4,,
545,TN,Tamil Nadu,TN_Chennai,Chennai,90900,13572,75384,1944,0,1339,-372,1703,8,[July 22]: 444 backdated deceased entries added to Chennai in TN bulletin.,
546,TN,Tamil Nadu,TN_Coimbatore,Coimbatore,2777,1270,1479,28,0,238,34,198,6,,
547,TN,Tamil Nadu,TN_Cuddalore,Cuddalore,2070,553,1496,21,0,79,36,40,3,,
548,TN,Tamil Nadu,TN_Dharmapuri,Dharmapuri,505,257,246,2,0,19,13,6,0,,
549,TN,Tamil Nadu,TN_Dindigul,Dindigul,1930,931,971,28,0,104,30,68,6,,
550,TN,Tamil Nadu,TN_Erode,Erode,539,135,396,8,0,21,16,5,0,,
734,TN,Tamil Nadu,TN_Kallakurichi,Kallakurichi,2651,732,1903,16,0,134,62,72,0,,
551,TN,Tamil Nadu,TN_Kancheepuram,Kancheepuram,6010,2648,3282,80,0,313,76,231,6,,
552,TN,Tamil Nadu,TN_Kanyakumari,Kanyakumari,2858,1860,976,22,0,137,135,0,2,,
553,TN,Tamil Nadu,TN_Karur,Karur,323,128,186,9,0,27,23,4,0,,
554,TN,Tamil Nadu,TN_Krishnagiri,Krishnagiri,551,255,283,13,0,31,12,18,1,,
555,TN,Tamil Nadu,TN_Madurai,Madurai,8984,2836,5965,183,0,279,-180,450,9,,
556,TN,Tamil Nadu,TN_Nagapattinam,Nagapattinam,484,195,288,1,0,4,1,3,0,,
557,TN,Tamil Nadu,TN_Namakkal,Namakkal,432,214,215,3,0,37,17,19,1,,
564,TN,Tamil Nadu,TN_Nilgiris,Nilgiris,587,214,371,2,0,59,-33,92,0,,
558,TN,Tamil Nadu,TN_Perambalur,Perambalur,255,55,197,3,0,7,-3,9,1,,
559,TN,Tamil Nadu,TN_Pudukkottai,Pudukkottai,1299,645,637,17,0,113,37,76,0,,
560,TN,Tamil Nadu,TN_Ramanathapuram,Ramanathapuram,2792,763,1976,53,0,100,-5,105,0,,
733,TN,Tamil Nadu,TN_Ranipet,Ranipet,3001,1460,1520,21,0,217,179,37,1,,
561,TN,Tamil Nadu,TN_Salem,Salem,2609,715,1874,20,0,49,-129,177,1,,
562,TN,Tamil Nadu,TN_Sivaganga,Sivaganga,1824,921,872,31,0,64,33,30,1,,
731,TN,Tamil Nadu,TN_Tenkasi,Tenkasi,1412,955,450,7,0,68,64,0,4,,
563,TN,Tamil Nadu,TN_Thanjavur,Thanjavur,1542,839,686,17,0,120,75,44,1,,
565,TN,Tamil Nadu,TN_Theni,Theni,3087,1421,1625,41,0,188,114,71,3,,
566,TN,Tamil Nadu,TN_Thiruvallur,Thiruvallur,10627,3892,6547,188,0,417,155,254,8,,
567,TN,Tamil Nadu,TN_Thiruvarur,Thiruvarur,1061,355,705,1,0,2,-18,20,0,,
568,TN,Tamil Nadu,TN_Thoothukkudi,Thoothukkudi,4656,2472,2158,26,0,415,240,175,0,,
569,TN,Tamil Nadu,TN_Tiruchirappalli,Tiruchirappalli,2872,1345,1477,50,0,186,34,146,6,,
570,TN,Tamil Nadu,TN_Tirunelveli,Tirunelveli,3219,1318,1886,15,0,247,239,5,3,,
735,TN,Tamil Nadu,TN_Tirupathur,Tirupathur,728,257,465,6,0,69,54,15,0,,
571,TN,Tamil Nadu,TN_Tiruppur,Tiruppur,600,294,300,6,0,33,17,15,1,,
572,TN,Tamil Nadu,TN_Tiruvannamalai,Tiruvannamalai,4637,2020,2575,42,0,193,104,86,3,,
573,TN,Tamil Nadu,TN_Vellore,Vellore,4472,1310,3123,39,0,113,-134,243,4,,
574,TN,Tamil Nadu,TN_Viluppuram,Viluppuram,2613,750,1832,31,0,112,40,70,2,,
575,TN,Tamil Nadu,TN_Virudhunagar,Virudhunagar,4767,2237,2493,37,0,480,165,312,3,,
609,TR,Tripura,TR_Dhalai,Dhalai,567,294,270,2,1,0,0,0,0,,
610,TR,Tripura,TR_Gomati,Gomati,534,236,297,0,1,0,0,0,0,,
611,TR,Tripura,TR_Khowai,Khowai,284,79,202,3,0,0,0,0,0,,
612,TR,Tripura,TR_North Tripura,North Tripura,233,155,71,1,6,0,0,0,0,,
613,TR,Tripura,TR_Sipahijala,Sipahijala,846,209,636,1,0,0,0,0,0,,
614,TR,Tripura,TR_South Tripura,South Tripura,240,86,150,1,3,0,0,0,0,,
615,TR,Tripura,TR_Unokoti,Unokoti,112,30,82,0,0,0,0,0,0,,
616,TR,Tripura,TR_West Tripura,West Tripura,655,322,325,1,7,0,0,0,0,,
617,UP,Uttar Pradesh,UP_Agra,Agra,1566,194,1275,97,0,23,18,5,0,,
618,UP,Uttar Pradesh,UP_Aligarh,Aligarh,1035,475,534,26,0,15,4,11,0,,
619,UP,Uttar Pradesh,UP_Ambedkar Nagar,Ambedkar Nagar,164,31,127,6,0,5,4,1,0,,
620,UP,Uttar Pradesh,UP_Amethi,Amethi,368,40,326,2,0,14,7,6,1,,
621,UP,Uttar Pradesh,UP_Amroha,Amroha,357,104,244,9,0,4,-32,36,0,,
622,UP,Uttar Pradesh,UP_Auraiya,Auraiya,219,106,111,2,0,28,28,0,0,,
765,UP,Uttar Pradesh,UP_Ayodhya,Ayodhya,703,212,483,8,0,23,-32,55,0,,
623,UP,Uttar Pradesh,UP_Azamgarh,Azamgarh,516,181,325,10,0,8,0,8,0,,
624,UP,Uttar Pradesh,UP_Baghpat,Baghpat,546,91,444,11,0,18,11,7,0,,
625,UP,Uttar Pradesh,UP_Bahraich,Bahraich,259,95,162,2,0,10,8,2,0,,
626,UP,Uttar Pradesh,UP_Ballia,Ballia,954,353,591,10,0,74,7,66,1,,
627,UP,Uttar Pradesh,UP_Balrampur,Balrampur,161,43,113,5,0,3,-5,6,2,,
628,UP,Uttar Pradesh,UP_Banda,Banda,214,128,85,1,0,18,4,14,0,,
629,UP,Uttar Pradesh,UP_Barabanki,Barabanki,794,156,631,7,0,27,10,16,1,,
630,UP,Uttar Pradesh,UP_Bareilly,Bareilly,1087,615,441,31,0,38,6,30,2,,
631,UP,Uttar Pradesh,UP_Basti,Basti,621,215,387,19,0,20,18,2,0,,
632,UP,Uttar Pradesh,UP_Bhadohi,Bhadohi,324,120,201,3,0,22,14,8,0,,
633,UP,Uttar Pradesh,UP_Bijnor,Bijnor,611,179,425,7,0,25,3,22,0,,
634,UP,Uttar Pradesh,UP_Budaun,Budaun,296,60,233,3,0,7,-3,10,0,,
635,UP,Uttar Pradesh,UP_Bulandshahr,Bulandshahr,1129,202,901,26,0,26,-11,37,0,,
636,UP,Uttar Pradesh,UP_Chandauli,Chandauli,608,321,282,5,0,42,-7,49,0,,
637,UP,Uttar Pradesh,UP_Chitrakoot,Chitrakoot,125,21,102,2,0,4,2,2,0,,
638,UP,Uttar Pradesh,UP_Deoria,Deoria,721,267,447,7,0,27,-13,40,0,,
639,UP,Uttar Pradesh,UP_Etah,Etah,240,107,123,10,0,8,7,1,0,,
640,UP,Uttar Pradesh,UP_Etawah,Etawah,538,170,347,21,0,11,-9,19,1,,
642,UP,Uttar Pradesh,UP_Farrukhabad,Farrukhabad,362,110,242,10,0,5,1,4,0,,
643,UP,Uttar Pradesh,UP_Fatehpur,Fatehpur,323,105,211,7,0,11,-1,12,0,,
644,UP,Uttar Pradesh,UP_Firozabad,Firozabad,620,41,540,39,0,9,0,7,2,,
645,UP,Uttar Pradesh,UP_Gautam Buddha Nagar,Gautam Buddha Nagar,4466,910,3516,40,0,68,-52,120,0,,
646,UP,Uttar Pradesh,UP_Ghaziabad,Ghaziabad,4321,1015,3242,64,0,115,-284,399,0,,
647,UP,Uttar Pradesh,UP_Ghazipur,Ghazipur,655,206,440,9,0,32,-25,56,1,,
648,UP,Uttar Pradesh,UP_Gonda,Gonda,344,106,229,9,0,38,26,12,0,,
649,UP,Uttar Pradesh,UP_Gorakhpur,Gorakhpur,1300,595,675,30,0,67,7,56,4,,
650,UP,Uttar Pradesh,UP_Hamirpur,Hamirpur,187,59,122,6,0,4,-6,10,0,,
651,UP,Uttar Pradesh,UP_Hapur,Hapur,1045,125,902,18,0,14,4,10,0,,
652,UP,Uttar Pradesh,UP_Hardoi,Hardoi,739,324,407,8,0,82,0,82,0,,
653,UP,Uttar Pradesh,UP_Hathras,Hathras,237,28,205,4,0,4,4,0,0,,
654,UP,Uttar Pradesh,UP_Jalaun,Jalaun,257,51,198,8,0,4,-1,5,0,,
655,UP,Uttar Pradesh,UP_Jaunpur,Jaunpur,1131,408,710,13,0,20,9,11,0,,
656,UP,Uttar Pradesh,UP_Jhansi,Jhansi,1664,1075,535,54,0,185,94,90,1,,
657,UP,Uttar Pradesh,UP_Kannauj,Kannauj,466,114,348,4,0,1,-26,27,0,,
658,UP,Uttar Pradesh,UP_Kanpur Dehat,Kanpur Dehat,134,54,78,2,0,1,-1,1,1,,
659,UP,Uttar Pradesh,UP_Kanpur Nagar,Kanpur Nagar,3155,1484,1519,152,0,182,96,76,10,,
660,UP,Uttar Pradesh,UP_Kasganj,Kasganj,318,153,164,1,0,12,12,0,0,,
661,UP,Uttar Pradesh,UP_Kaushambi,Kaushambi,299,42,255,2,0,7,-8,15,0,,
663,UP,Uttar Pradesh,UP_Kushinagar,Kushinagar,450,181,262,7,0,13,-16,29,0,,
662,UP,Uttar Pradesh,UP_Lakhimpur Kheri,Lakhimpur Kheri,267,89,178,0,0,33,1,32,0,,
664,UP,Uttar Pradesh,UP_Lalitpur,Lalitpur,182,166,13,3,0,44,44,0,0,,
665,UP,Uttar Pradesh,UP_Lucknow,Lucknow,5125,3196,1864,65,0,312,148,161,3,,
667,UP,Uttar Pradesh,UP_Maharajganj,Maharajganj,403,120,277,6,0,14,-13,27,0,,
666,UP,Uttar Pradesh,UP_Mahoba,Mahoba,194,95,96,3,0,21,14,7,0,,
668,UP,Uttar Pradesh,UP_Mainpuri,Mainpuri,541,124,405,12,0,2,-15,17,0,,
669,UP,Uttar Pradesh,UP_Mathura,Mathura,691,209,455,27,0,38,27,11,0,,
670,UP,Uttar Pradesh,UP_Mau,Mau,377,133,239,5,0,9,-32,41,0,,
671,UP,Uttar Pradesh,UP_Meerut,Meerut,1961,384,1475,102,0,56,20,34,2,,
672,UP,Uttar Pradesh,UP_Mirzapur,Mirzapur,346,91,246,9,0,9,-6,15,0,,
673,UP,Uttar Pradesh,UP_Moradabad,Moradabad,1136,371,718,47,0,61,42,18,1,,
674,UP,Uttar Pradesh,UP_Muzaffarnagar,Muzaffarnagar,646,206,423,17,0,11,-41,52,0,,
675,UP,Uttar Pradesh,UP_Pilibhit,Pilibhit,337,153,183,1,0,32,17,15,0,,
676,UP,Uttar Pradesh,UP_Pratapgarh,Pratapgarh,220,81,129,10,0,13,6,7,0,,
677,UP,Uttar Pradesh,UP_Prayagraj,Prayagraj,1262,644,576,42,0,126,96,30,0,,
678,UP,Uttar Pradesh,UP_Rae Bareli,Rae Bareli,326,155,166,5,0,10,10,0,0,,
679,UP,Uttar Pradesh,UP_Rampur,Rampur,638,200,425,13,0,4,-3,7,0,,
680,UP,Uttar Pradesh,UP_Saharanpur,Saharanpur,712,151,556,5,0,29,-14,43,0,,
681,UP,Uttar Pradesh,UP_Sambhal,Sambhal,809,183,611,15,0,29,1,28,0,,
682,UP,Uttar Pradesh,UP_Sant Kabir Nagar,Sant Kabir Nagar,617,178,431,8,0,38,-11,49,0,,
683,UP,Uttar Pradesh,UP_Shahjahanpur,Shahjahanpur,511,316,194,1,0,68,47,21,0,,
684,UP,Uttar Pradesh,UP_Shamli,Shamli,350,140,205,5,0,23,9,14,0,,
685,UP,Uttar Pradesh,UP_Shrawasti,Shrawasti,103,14,87,2,0,1,-3,4,0,,
686,UP,Uttar Pradesh,UP_Siddharthnagar,Siddharthnagar,488,174,303,11,0,23,0,22,1,,
687,UP,Uttar Pradesh,UP_Sitapur,Sitapur,182,100,81,1,0,28,23,5,0,,
688,UP,Uttar Pradesh,UP_Sonbhadra,Sonbhadra,362,206,156,0,0,7,-75,83,-1,,
689,UP,Uttar Pradesh,UP_Sultanpur,Sultanpur,489,196,283,10,0,35,-28,63,0,,
690,UP,Uttar Pradesh,UP_Unnao,Unnao,530,244,274,12,0,17,8,7,2,,
691,UP,Uttar Pradesh,UP_Varanasi,Varanasi,1670,1012,614,44,0,49,34,15,0,,
692,UT,Uttarakhand,UT_Almora,Almora,224,21,200,2,1,0,0,0,0,,
693,UT,Uttarakhand,UT_Bageshwar,Bageshwar,95,0,94,1,0,0,0,0,0,,
694,UT,Uttarakhand,UT_Chamoli,Chamoli,82,2,80,0,0,0,0,0,0,,
695,UT,Uttarakhand,UT_Champawat,Champawat,76,15,60,1,0,0,0,0,0,,
696,UT,Uttarakhand,UT_Dehradun,Dehradun,1221,339,823,33,26,0,0,0,0,,
697,UT,Uttarakhand,UT_Haridwar,Haridwar,981,634,339,0,8,0,0,0,0,,
698,UT,Uttarakhand,UT_Nainital,Nainital,788,271,509,7,1,0,0,0,0,,
699,UT,Uttarakhand,UT_Pauri Garhwal,Pauri Garhwal,190,22,163,4,1,0,0,0,0,,
700,UT,Uttarakhand,UT_Pithoragarh,Pithoragarh,85,18,67,0,0,0,0,0,0,,
701,UT,Uttarakhand,UT_Rudraprayag,Rudraprayag,67,0,66,1,0,0,0,0,0,,
702,UT,Uttarakhand,UT_Tehri Garhwal,Tehri Garhwal,488,52,434,2,0,0,0,0,0,,
703,UT,Uttarakhand,UT_Udham Singh Nagar,Udham Singh Nagar,861,430,425,5,1,0,0,0,0,,
704,UT,Uttarakhand,UT_Uttarkashi,Uttarkashi,142,52,89,1,0,0,0,0,0,,
705,WB,West Bengal,WB_Alipurduar,Alipurduar,229,22,206,1,0,0,0,0,0,,
706,WB,West Bengal,WB_Bankura,Bankura,402,74,328,0,0,0,0,0,0,,
707,WB,West Bengal,WB_Birbhum,Birbhum,379,42,334,3,0,0,0,0,0,,
708,WB,West Bengal,WB_Cooch Behar,Cooch Behar,474,115,359,0,0,0,0,0,0,,
709,WB,West Bengal,WB_Dakshin Dinajpur,Dakshin Dinajpur,831,389,437,5,0,0,0,0,0,,
710,WB,West Bengal,WB_Darjeeling,Darjeeling,1467,558,894,15,0,0,0,0,0,,
711,WB,West Bengal,WB_Hooghly,Hooghly,2439,898,1492,49,0,0,0,0,0,,
712,WB,West Bengal,WB_Howrah,Howrah,5764,1790,3818,156,0,0,0,0,0,,
713,WB,West Bengal,WB_Jalpaiguri,Jalpaiguri,921,362,555,4,0,0,0,0,0,,
714,WB,West Bengal,WB_Jhargram,Jhargram,28,0,28,0,0,0,0,0,0,,
715,WB,West Bengal,WB_Kalimpong,Kalimpong,73,14,58,1,0,0,0,0,0,,
716,WB,West Bengal,WB_Kolkata,Kolkata,15332,5687,9022,623,0,0,0,0,0,,
717,WB,West Bengal,WB_Malda,Malda,1885,571,1307,7,0,0,0,0,0,,
719,WB,West Bengal,WB_Murshidabad,Murshidabad,561,183,373,5,0,0,0,0,0,,
720,WB,West Bengal,WB_Nadia,Nadia,677,236,432,9,0,0,0,0,0,,
721,WB,West Bengal,WB_North 24 Parganas,North 24 Parganas,10230,4471,5514,245,0,0,0,0,0,,
0,WB,West Bengal,WB_Other State,Other State,66,0,63,3,0,0,0,0,0,,
722,WB,West Bengal,WB_Paschim Bardhaman,Paschim Bardhaman,482,237,237,8,0,0,0,0,0,,
718,WB,West Bengal,WB_Paschim Medinipur,Paschim Medinipur,831,278,541,12,0,0,0,0,0,,
723,WB,West Bengal,WB_Purba Bardhaman,Purba Bardhaman,495,225,267,3,0,0,0,0,0,,
724,WB,West Bengal,WB_Purba Medinipur,Purba Medinipur,1063,470,582,11,0,0,0,0,0,,
725,WB,West Bengal,WB_Purulia,Purulia,148,34,114,0,0,0,0,0,0,,
726,WB,West Bengal,WB_South 24 Parganas,South 24 Parganas,3802,1498,2245,59,0,0,0,0,0,,
727,WB,West Bengal,WB_Uttar Dinajpur,Uttar Dinajpur,742,296,444,2,0,0,0,0,0,,
728,AN,Andaman and Nicobar Islands,AN_Unknown,Unknown,169,38,130,0,1,0,0,0,0,,
729,AP,Andhra Pradesh,AP_Unknown,Unknown,0,0,0,0,0,0,0,0,0,,
730,AR,Arunachal Pradesh,AR_Unknown,Unknown,0,0,0,0,0,0,0,0,0,,
731,AS,Assam,AS_Unknown,Unknown,2879,-3316,6192,0,3,0,0,0,0,,
732,BR,Bihar,BR_Unknown,Unknown,0,0,0,0,0,0,0,0,0,,
733,CH,Chandigarh,CH_Unknown,Unknown,0,0,0,0,0,0,0,0,0,,
734,CT,Chhattisgarh,CT_Unknown,Unknown,0,0,0,0,0,0,0,0,0,,
735,DN,Dadra and Nagar Haveli and Daman and Diu,DN_Unknown,Unknown,0,0,0,0,0,0,0,0,0,,
737,DL,Delhi,DL_Unknown,Unknown,125535,14167,107650,3718,0,0,0,0,0,,
738,GA,Goa,GA_Unknown,Unknown,1327,0,1327,0,0,0,0,0,0,,
739,GJ,Gujarat,GJ_Unknown,Unknown,0,-2,-1,3,0,0,0,0,0,,
740,HR,Haryana,HR_Unknown,Unknown,0,0,0,0,0,0,0,0,0,,
741,HP,Himachal Pradesh,HP_Unknown,Unknown,0,0,0,0,0,0,0,0,0,,
742,JK,Jammu and Kashmir,JK_Unknown,Unknown,0,0,0,0,0,0,0,0,0,,
743,JH,Jharkhand,JH_Unknown,Unknown,0,0,0,0,0,0,0,0,0,,
744,KA,Karnataka,KA_Unknown,Unknown,0,0,0,0,0,0,0,0,0,,
745,KL,Kerala,KL_Unknown,Unknown,0,0,0,0,0,0,0,0,0,,
746,LA,Ladakh,LA_Unknown,Unknown,0,0,0,0,0,0,0,0,0,,
747,LD,Lakshadweep,LD_Unknown,Unknown,0,0,0,0,0,0,0,0,0,,
748,MP,Madhya Pradesh,MP_Unknown,Unknown,0,0,0,0,0,0,0,0,0,,
749,MH,Maharashtra,MH_Unknown,Unknown,0,0,0,0,0,0,0,0,0,,
750,MN,Manipur,MN_Unknown,Unknown,0,-1067,1067,0,0,0,0,0,0,,
751,ML,Meghalaya,ML_Unknown,Unknown,14,0,14,0,0,0,0,0,0,,
752,MZ,Mizoram,MZ_Unknown,Unknown,0,0,0,0,0,0,0,0,0,,
753,NL,Nagaland,NL_Unknown,Unknown,0,-353,353,0,0,0,0,0,0,,
754,OR,Odisha,OR_Unknown,Unknown,0,0,0,0,0,0,0,0,0,,
755,PY,Puducherry,PY_Unknown,Unknown,0,0,0,0,0,0,0,0,0,,
756,PB,Punjab,PB_Unknown,Unknown,0,0,0,0,0,0,0,0,0,,
757,RJ,Rajasthan,RJ_Unknown,Unknown,0,0,0,0,0,0,0,0,0,,
758,SK,Sikkim,SK_Unknown,Unknown,0,0,0,0,0,0,0,0,0,,
759,TN,Tamil Nadu,TN_Unknown,Unknown,0,0,0,0,0,0,0,0,0,,
760,TG,Telangana,TG_Unknown,Unknown,457,-37066,37115,408,0,0,0,0,0,,
761,TR,Tripura,TR_Unknown,Unknown,0,0,0,0,0,0,0,0,0,,
762,UP,Uttar Pradesh,UP_Unknown,Unknown,0,0,0,0,0,0,0,0,0,,
763,UT,Uttarakhand,UT_Unknown,Unknown,0,0,0,0,0,0,0,0,0,,
764,WB,West Bengal,WB_Unknown,Unknown,0,0,0,0,0,0,0,0,0,,